race,n,PPR,TPR,FPR,FNR,PPV,TNR,BACC,PPR_diff_vs_ref,TPR_diff_vs_ref,FPR_diff_vs_ref,FNR_diff_vs_ref,PPV_diff_vs_ref,TNR_diff_vs_ref,BACC_diff_vs_ref,DI_vs_ref
African-American,2810,0.42419928825622777,0.5498034076015728,0.2749221183800623,0.45019659239842724,0.7038590604026845,0.7250778816199377,0.6374406446107552,0.0,0.0,0.0,0.0,0.0,0.0,0.0,1.0
Caucasian,1744,0.3841743119266055,0.5486842105263158,0.2571138211382114,0.4513157894736842,0.6223880597014926,0.7428861788617886,0.6457851946940523,-0.040024976329622264,-0.0011191970752569835,-0.0178082972418509,0.0011191970752569835,-0.08147100070119195,0.017808297241850957,0.008344550083297042,0.9056458192229543
Hispanic,420,0.3357142857142857,0.5111111111111111,0.25263157894736843,0.4888888888888889,0.48936170212765956,0.7473684210526316,0.6292397660818714,-0.08848500254194208,-0.038692296490461686,-0.02229053943269388,0.03869229649046163,-0.21449735827502497,0.02229053943269388,-0.008200878528883848,0.7914069990412271
Other,241,0.3112033195020747,0.43333333333333335,0.23841059602649006,0.5666666666666667,0.52,0.7615894039735099,0.5974613686534216,-0.11299596875415308,-0.11647007426823941,-0.036511522353572246,0.11647007426823941,-0.18385906040268452,0.036511522353572246,-0.03997927595733364,0.7336252750006962
Asian,23,0.43478260869565216,0.625,0.3333333333333333,0.375,0.5,0.6666666666666666,0.6458333333333333,0.010583320439424393,0.07519659239842724,0.05841121495327101,-0.07519659239842724,-0.20385906040268453,-0.05841121495327106,0.008392688722578034,1.0249489349285088
Native American,11,0.5454545454545454,0.5,0.6,0.5,0.5,0.4,0.45,0.12125525719831765,-0.04980340760157276,0.32507788161993767,0.04980340760157276,-0.20385906040268453,-0.32507788161993767,-0.1874406446107552,1.2858450274557656
