race,n,PPR,TPR,FPR,FNR,PPV,TNR,BACC,PPR_diff_vs_ref,TPR_diff_vs_ref,FPR_diff_vs_ref,FNR_diff_vs_ref,PPV_diff_vs_ref,TNR_diff_vs_ref,BACC_diff_vs_ref,DI_vs_ref
African-American,2810,0.4900355871886121,0.6231979030144168,0.3317757009345794,0.3768020969855832,0.690631808278867,0.6682242990654206,0.6457111010399187,0.0,0.0,0.0,0.0,0.0,0.0,0.0,1.0
Caucasian,1744,0.4610091743119266,0.6289473684210526,0.3313008130081301,0.37105263157894736,0.5945273631840796,0.6686991869918699,0.6488232777064613,-0.029026412876685503,0.00574946540663579,-0.0004748879264493411,-0.005749465406635845,-0.09610444509478744,0.0004748879264493411,0.003112176666542621,0.940766724630729
Hispanic,420,0.4166666666666667,0.6148148148148148,0.32280701754385965,0.3851851851851852,0.4742857142857143,0.6771929824561403,0.6460038986354776,-0.07336892052194544,-0.008383088199601985,-0.008968683390719767,0.008383088199601985,-0.21634609399315274,0.008968683390719767,0.0002927975955588913,0.8502783829581215
Other,241,0.45228215767634855,0.5333333333333333,0.40397350993377484,0.4666666666666667,0.44036697247706424,0.5960264900662252,0.5646799116997793,-0.03775342951226357,-0.08986456968108347,0.07219780899919542,0.08986456968108347,-0.2502648358018028,-0.07219780899919537,-0.08103118934013942,0.9229577800076538
Asian,23,0.5217391304347826,0.375,0.6,0.625,0.25,0.4,0.3875,0.031703543246170474,-0.2481979030144168,0.26822429906542056,0.2481979030144168,-0.44063180827886705,-0.26822429906542056,-0.2582111010399187,1.064696409964952
Native American,11,0.45454545454545453,0.6666666666666666,0.2,0.3333333333333333,0.8,0.8,0.7333333333333334,-0.03549013264315759,0.04346876365224983,-0.1317757009345794,-0.04346876365224989,0.10936819172113299,0.13177570093457946,0.0876222322934147,0.9275764177724961
