race,n,PPR,TPR,FPR,FNR,PPV,TNR,BACC,PPR_diff_vs_ref,TPR_diff_vs_ref,FPR_diff_vs_ref,FNR_diff_vs_ref,PPV_diff_vs_ref,TNR_diff_vs_ref,BACC_diff_vs_ref,DI_vs_ref
African-American,2810,0.5117437722419929,0.6277850589777195,0.37383177570093457,0.3722149410222805,0.6662030598052852,0.6261682242990654,0.6269766416383924,0.0,0.0,0.0,0.0,0.0,0.0,0.0,1.0
Caucasian,1744,0.2586009174311927,0.38552631578947366,0.16056910569105692,0.6144736842105263,0.6496674057649667,0.8394308943089431,0.6124786050492084,-0.2531428548108002,-0.24225874318824586,-0.21326267000987764,0.2422587431882458,-0.016535654040318426,0.21326267000987775,-0.014498036589184027,0.5053328080539996
Hispanic,420,0.19285714285714287,0.362962962962963,0.11228070175438597,0.6370370370370371,0.6049382716049383,0.887719298245614,0.6253411306042885,-0.31888662938485,-0.26482209601475654,-0.2615510739465486,0.2648220960147566,-0.061264788200346865,0.26155107394654864,-0.0016355110341038648,0.3768627061394795
Other,241,0.1078838174273859,0.18888888888888888,0.059602649006622516,0.8111111111111111,0.6538461538461539,0.9403973509933775,0.5646431199411333,-0.40385995481460696,-0.43889617008883064,-0.314229126694312,0.43889617008883064,-0.012356905959131304,0.31422912669431213,-0.06233352169725914,0.21081608273362615
Asian,23,0.13043478260869565,0.25,0.06666666666666667,0.75,0.6666666666666666,0.9333333333333333,0.5916666666666667,-0.3813089896332972,-0.3777850589777195,-0.3071651090342679,0.3777850589777195,0.00046360686138147145,0.30716510903426797,-0.03530997497172572,0.2548829896595513
Native American,11,0.7272727272727273,1.0,0.4,0.0,0.75,0.6,0.8,0.21552895503073444,0.3722149410222805,0.026168224299065457,-0.3722149410222805,0.08379694019471484,-0.0261682242990654,0.17302335836160765,1.421165760525983
