race,n,PPR,TPR,FPR,FNR,PPV,TNR,BACC,PPR_diff_vs_ref,TPR_diff_vs_ref,FPR_diff_vs_ref,FNR_diff_vs_ref,PPV_diff_vs_ref,TNR_diff_vs_ref,BACC_diff_vs_ref,DI_vs_ref
African-American,2810,0.501067615658363,0.6107470511140236,0.3707165109034268,0.3892529488859764,0.6619318181818182,0.6292834890965732,0.6200152701052983,0.0,0.0,0.0,0.0,0.0,0.0,0.0,1.0
Caucasian,1744,0.43119266055045874,0.5736842105263158,0.32113821138211385,0.4263157894736842,0.5797872340425532,0.6788617886178862,0.626272999572101,-0.06987495510790426,-0.03706284058770781,-0.04957829952131293,0.03706284058770781,-0.08214458413926506,0.049578299521312985,0.006257729466802697,0.8605478523769808
Hispanic,420,0.4095238095238095,0.5333333333333333,0.3508771929824561,0.4666666666666667,0.4186046511627907,0.6491228070175439,0.5912280701754387,-0.09154380613455348,-0.07741371778069028,-0.019839317920970656,0.07741371778069028,-0.2433271670190275,0.01983931792097071,-0.028787199929859675,0.8173024891774892
Other,241,0.43568464730290457,0.5222222222222223,0.3841059602649007,0.4777777777777778,0.44761904761904764,0.6158940397350994,0.5690581309786609,-0.06538296835545843,-0.08852482889180135,0.013389449361473904,0.08852482889180141,-0.2143127705627706,-0.013389449361473793,-0.05095713912663746,0.8695126838928706
Asian,23,0.5217391304347826,0.75,0.4,0.25,0.5,0.6,0.675,0.020671514776419597,0.1392529488859764,0.029283489096573245,-0.1392529488859764,-0.16193181818181823,-0.02928348909657319,0.05498472989470171,1.0412549407114624
Native American,11,0.5454545454545454,0.5,0.6,0.5,0.5,0.4,0.45,0.04438692979618242,-0.11074705111402361,0.2292834890965732,0.11074705111402361,-0.16193181818181823,-0.22928348909657315,-0.17001527010529832,1.0885847107438016
