accuracy,precision,recall,f1,roc_auc
0.6614593255858259,0.6473601260835303,0.6506930693069307,0.64902231878333,0.7153042264578882
