race,threshold,n,PPR,TPR,FPR,FNR,PPV,TNR,BACC,PPR_diff_vs_ref,TPR_diff_vs_ref,FPR_diff_vs_ref,FNR_diff_vs_ref,PPV_diff_vs_ref,TNR_diff_vs_ref,BACC_diff_vs_ref,DI_vs_ref
African-American,0.5,2810,0.6330960854092527,0.7686762778505898,0.4719626168224299,0.23132372214941022,0.6593591905564924,0.5280373831775701,0.6483568305140799,0.0,0.0,0.0,0.0,0.0,0.0,0.0,1.0
Caucasian,0.5,1744,0.3440366972477064,0.49736842105263157,0.22560975609756098,0.5026315789473684,0.63,0.774390243902439,0.6358793324775354,-0.28905938816154625,-0.2713078567979582,-0.24635286072486892,0.2713078567979582,-0.029359190556492387,0.24635286072486895,-0.012477498036544521,0.5434194037470799
Hispanic,0.5,420,0.2261904761904762,0.4148148148148148,0.1368421052631579,0.5851851851851851,0.5894736842105263,0.8631578947368421,0.6389863547758284,-0.4069056092187765,-0.353861463035775,-0.335120511559272,0.3538614630357749,-0.06988550634596613,0.335120511559272,-0.00937047573825145,0.35727669370165155
Other,0.5,241,0.23236514522821577,0.3333333333333333,0.17218543046357615,0.6666666666666666,0.5357142857142857,0.8278145695364238,0.5805739514348786,-0.4007309401810369,-0.43534294451725647,-0.29977718635885375,0.4353429445172564,-0.1236449048422067,0.29977718635885375,-0.06778287907920133,0.36702982467188666
Asian,0.5,23,0.08695652173913043,0.25,0.0,0.75,1.0,1.0,0.625,-0.5461395636701223,-0.5186762778505898,-0.4719626168224299,0.5186762778505898,0.3406408094435076,0.4719626168224299,-0.023356830514079885,0.13735122320795756
Native American,0.5,11,0.5454545454545454,0.6666666666666666,0.4,0.3333333333333333,0.6666666666666666,0.6,0.6333333333333333,-0.08764153995470725,-0.10200961118392315,-0.07196261682242988,0.1020096111839231,0.007307476110174238,0.07196261682242988,-0.015023497180746581,0.8615667637590065
