race,threshold,n,PPR,TPR,FPR,FNR,PPV,TNR,BACC,PPR_diff_vs_ref,TPR_diff_vs_ref,FPR_diff_vs_ref,FNR_diff_vs_ref,PPV_diff_vs_ref,TNR_diff_vs_ref,BACC_diff_vs_ref,DI_vs_ref
African-American,0.7,2810,0.2085409252669039,0.28636959370904325,0.11604361370716511,0.7136304062909568,0.7457337883959044,0.8839563862928349,0.5851629900009391,0.0,0.0,0.0,0.0,0.0,0.0,0.0,1.0
Caucasian,0.7,1744,0.06651376146788991,0.12236842105263158,0.023373983739837397,0.8776315789473684,0.8017241379310345,0.9766260162601627,0.5494972186563971,-0.14202716379901398,-0.16400117265641168,-0.09266962996732771,0.16400117265641168,0.055990349535130046,0.09266962996732775,-0.03566577134454196,0.31894824185114445
Hispanic,0.7,420,0.03333333333333333,0.07407407407407407,0.014035087719298246,0.9259259259259259,0.7142857142857143,0.9859649122807017,0.5300194931773878,-0.17520759193357058,-0.21229551963496918,-0.10200852598786686,0.21229551963496918,-0.03144807411019013,0.1020085259878668,-0.05514349682355124,0.15984072810011377
Other,0.7,241,0.008298755186721992,0.011111111111111112,0.006622516556291391,0.9888888888888889,0.5,0.9933774834437086,0.5022442972774098,-0.2002421700801819,-0.2752584825979321,-0.10942109715087371,0.2752584825979322,-0.24573378839590443,0.10942109715087367,-0.08291869272352925,0.03979437214110716
Asian,0.7,23,0.0,0.0,0.0,1.0,,1.0,0.5,-0.2085409252669039,-0.28636959370904325,-0.11604361370716511,0.28636959370904325,,0.1160436137071651,-0.08516299000093908,0.0
Native American,0.7,11,0.18181818181818182,0.3333333333333333,0.0,0.6666666666666666,1.0,1.0,0.6666666666666666,-0.02672274344872208,0.04696373962429007,-0.11604361370716511,-0.046963739624290124,0.25426621160409557,0.1160436137071651,0.08150367666572755,0.8718585169097115
