race,threshold,n,PPR,TPR,FPR,FNR,PPV,TNR,BACC,PPR_diff_vs_ref,TPR_diff_vs_ref,FPR_diff_vs_ref,FNR_diff_vs_ref,PPV_diff_vs_ref,TNR_diff_vs_ref,BACC_diff_vs_ref,DI_vs_ref
African-American,0.3,2810,0.9359430604982206,0.9809960681520314,0.882398753894081,0.019003931847968544,0.5692015209125475,0.117601246105919,0.5492986571289752,0.0,0.0,0.0,0.0,0.0,0.0,0.0,1.0
Caucasian,0.3,1744,0.7901376146788991,0.8934210526315789,0.7103658536585366,0.10657894736842105,0.4927431059506531,0.2896341463414634,0.5915275994865211,-0.14580544581932153,-0.08757501552045255,-0.1720329002355444,0.0875750155204525,-0.07645841496189437,0.1720329002355444,0.04222894235754593,0.8442154742386717
Hispanic,0.3,420,0.6857142857142857,0.8222222222222222,0.6210526315789474,0.17777777777777778,0.3854166666666667,0.37894736842105264,0.6005847953216374,-0.2502287747839349,-0.15877384592980925,-0.26134612231513354,0.15877384592980925,-0.1837848542458808,0.26134612231513366,0.051286138192662256,0.7326453014665942
Other,0.3,241,0.7759336099585062,0.9222222222222223,0.6887417218543046,0.07777777777777778,0.44385026737967914,0.31125827814569534,0.6167402501839588,-0.16000945053971438,-0.058773845929809165,-0.19365703203977636,0.058773845929809235,-0.12535125353286836,0.19365703203977636,0.06744159305498365,0.8290393323130808
Asian,0.3,23,0.5217391304347826,0.875,0.3333333333333333,0.125,0.5833333333333334,0.6666666666666666,0.7708333333333333,-0.41420393006343803,-0.10599606815203144,-0.5490654205607477,0.10599606815203146,0.014131812420785872,0.5490654205607476,0.22153467620435807,0.5574475119854522
Native American,0.3,11,0.9090909090909091,1.0,0.8,0.0,0.6,0.2,0.6,-0.026852151407311564,0.019003931847968558,-0.08239875389408091,-0.019003931847968544,0.03079847908745248,0.08239875389408101,0.05070134287102479,0.9713100587625302
